product_card_id,product_category_id,category_id,category_name,product_name,product_price,product_status
1360,73,73,Sporting Goods,Smart watch ,327.75,0
365,17,17,Cleats,Perfect Fitness Perfect Rip Deck,59.99000168,0
627,29,29,Shop By Sport,Under Armour Girls' Toddler Spine Surge Runni,39.99000168,0
502,24,24,Women's Apparel,Nike Men's Dri-FIT Victory Golf Polo,50.0,0
278,13,13,Electronics,Under Armour Men's Compression EV SL Slide,44.99000168,0
249,12,12,Boxing & MMA,Under Armour Women's Micro G Skulpt Running S,54.97000122,0
191,9,9,Cardio Equipment,Nike Men's Free 5.0+ Running Shoe,99.98999786,0
917,41,41,Trade-In,Glove It Women's Mod Oval 3-Zip Carry All Gol,21.98999977,0
828,37,37,Electronics,Bridgestone e6 Straight Distance NFL San Dieg,31.98999977,0
642,29,29,Shop By Sport,Columbia Men's PFG Anchor Tough T-Shirt,30.0,0
818,37,37,Electronics,Titleist Pro V1x Golf Balls,47.99000168,0
825,37,37,Electronics,Bridgestone e6 Straight Distance NFL Tennesse,31.98999977,0
306,38,38,Kids' Golf Clubs,Polar FT4 Heart Rate Monitor,89.98999786,0
977,44,44,Hunting & Shooting,ENO Atlas Hammock Straps,29.98999977,0
44,3,3,Baseball & Softball,adidas Men's F10 Messi TRX FG Soccer Cleat,59.99000168,0
251,12,12,Boxing & MMA,Brooks Women's Ghost 6 Running Shoe,89.98999786,0
403,18,18,Men's Footwear,Nike Men's CJ Elite 2 TD Football Cleat,129.9900055,0
957,43,43,Camping & Hiking,Diamondback Women's Serene Classic Comfort Bi,299.980011,0
1352,65,65,Consumer Electronics,Industrial consumer electronics,252.8800049,0
1349,62,62,Cameras ,Web Camera,452.0400085,0
1351,64,64,Computers,Dell Laptop,1500.0,0
60,4,4,Basketball,SOLE E25 Elliptical,999.9899902,0
24,2,2,Soccer,Elevation Training Mask 2.0,79.98999786,0
567,26,26,Girls' Apparel,adidas Men's Germany Black Crest Away Tee,25.0,0
893,40,40,Accessories,Team Golf Pittsburgh Steelers Putter Grip,24.98999977,0
924,41,41,Trade-In,Glove It Urban Brick Golf Towel,15.98999977,0
905,40,40,Accessories,Team Golf Texas Longhorns Putter Grip,24.98999977,0
564,26,26,Girls' Apparel,Nike Men's Deutschland Weltmeister Winners Bl,30.0,0
885,40,40,Accessories,Team Golf St. Louis Cardinals Putter Grip,24.98999977,0
1363,76,76,Women's Clothing,Summer dresses,215.8200073,0
1353,66,66,Crafts,Porcelain crafts,461.480011,0
1357,70,70,Men's Clothing,Men's gala suit,210.8500061,0
906,40,40,Accessories,Team Golf Tennessee Volunteers Putter Grip,24.98999977,0
886,40,40,Accessories,Team Golf San Francisco Giants Putter Grip,24.98999977,0
926,41,41,Trade-In,Glove It Imperial Golf Towel,15.98999977,0
116,6,6,Tennis & Racquet,Nike Men's Comfort 2 Slide,44.99000168,0
235,11,11,Fitness Accessories,Under Armour Hustle Storm Medium Duffle Bag,34.99000168,0
273,13,13,Electronics,Under Armour Kids' Mercenary Slide,27.98999977,0
282,13,13,Electronics,Under Armour Women's Ignite PIP VI Slide,31.98999977,0
359,16,16,As Seen on  TV!,Nike Men's Free TR 5.0 TB Training Shoe,99.98999786,0
565,26,26,Girls' Apparel,adidas Youth Germany Black/Red Away Match Soc,70.0,0
572,26,26,Girls' Apparel,TYR Boys' Team Digi Jammer,39.99000168,0
804,36,36,Golf Balls,Glove It Women's Imperial Golf Glove,19.98999977,0
822,37,37,Electronics,Titleist Pro V1x High Numbers Golf Balls,47.99000168,0
835,37,37,Electronics,Bridgestone e6 Straight Distance NFL Carolina,31.98999977,0
276,13,13,Electronics,Under Armour Women's Ignite Slide,31.98999977,0
823,37,37,Electronics,Titleist Pro V1x High Numbers Personalized Go,51.99000168,0
203,10,10,Strength Training,GoPro HERO3+ Black Edition Camera,399.9899902,0
364,17,17,Cleats,Total Gym 1400,299.9899902,0
1350,63,63,Children's Clothing,Children's heaters,357.1000061,0
897,40,40,Accessories,Team Golf New England Patriots Putter Grip,24.98999977,0
37,3,3,Baseball & Softball,adidas Kids' F5 Messi FG Soccer Cleat,34.99000168,0
172,9,9,Cardio Equipment,Nike Women's Tempo Shorts,30.0,0
810,36,36,Golf Balls,Glove It Women's Mod Oval Golf Glove,19.98999977,0
821,37,37,Electronics,Titleist Pro V1 High Numbers Personalized Gol,51.99000168,0
93,5,5,Lacrosse,Under Armour Men's Tech II T-Shirt,24.98999977,0
1347,60,60,Baby ,Baby sweater,59.08000183,0
305,38,38,Kids' Golf Clubs,Mio ALPHA Heart Rate Monitor/Sport Watch,199.0,0
1004,45,45,Fishing,Field & Stream Sportsman 16 Gun Fire Safe,399.980011,0
1346,59,59,Books ,Sports Books ,31.07999992,0
58,4,4,Basketball,Diamondback Boys' Insight 24 Performance Hybr,299.9899902,0
311,38,38,Kids' Golf Clubs,Polar Loop Activity Tracker,109.9499969,0
303,38,38,Kids' Golf Clubs,Garmin Forerunner 910XT GPS Watch,399.9899902,0
1354,67,67,DVDs,DVDs ,164.3800049,0
1348,61,61,CDs ,CDs of rock,11.28999996,0
78,5,5,Lacrosse,Nike Kids' Grade School KD VI Basketball Shoe,99.98999786,0
258,12,12,Boxing & MMA,Nike Women's Free 5.0 TR FIT PRT 4 Training S,94.98999786,0
797,36,36,Golf Balls,Hirzl Women's Soffft Flex Golf Glove,17.98999977,0
981,44,44,Hunting & Shooting,The North Face Women's Recon Backpack,99.0,0
1355,68,68,Garden,Lawn mower,532.5800171,0
135,7,7,Hockey,Nike Dri-FIT Crew Sock 6 Pack,22.0,0
134,7,7,Hockey,Nike Women's Legend V-Neck T-Shirt,25.0,0
845,38,38,Kids' Golf Clubs,Garmin Approach S4 Golf GPS Watch,299.9899902,0
982,44,44,Hunting & Shooting,insta-bed Neverflat Air Mattress,149.9900055,0
625,29,29,Shop By Sport,Nike Men's Kobe IX Elite Low Basketball Shoe,199.9900055,0
1359,72,72,Pet Supplies,Adult dog supplies,84.40000153,0
1356,69,69,Health and Beauty,First aid kit,293.0400085,0
607,41,41,Trade-In,Garmin Approach S3 Golf GPS Watch,249.9900055,0
1358,71,71,Music,Rock music,260.6499939,0
1362,75,75,Video Games,Fighting video games,39.75,0
295,38,38,Kids' Golf Clubs,Fitbit The One Wireless Activity & Sleep Trac,99.94999695,0
127,7,7,Hockey,Stiga Master Series ST3100 Competition Indoor,329.9899902,0
61,4,4,Basketball,Diamondback Girls' Clarity 24 Hybrid Bike 201,299.9899902,0
35,3,3,Baseball & Softball,adidas Brazuca 2014 Official Match Ball,159.9900055,0
858,38,38,Kids' Golf Clubs,GolfBuddy VT3 GPS Watch,199.9900055,0
860,38,38,Kids' Golf Clubs,Bushnell Pro X7 Jolt Slope Rangefinder,599.9899902,0
216,10,10,Strength Training,Yakima DoubleDown Ace Hitch Mount 4-Bike Rack,189.0,0
19,2,2,Soccer,Nike Men's Fingertrap Max Training Shoe,124.9899979,0
226,11,11,Fitness Accessories,Bowflex SelectTech 1090 Dumbbells,599.9899902,0
208,10,10,Strength Training,SOLE E35 Elliptical,1999.98999,0
793,36,36,Golf Balls,Hirzl Women's Hybrid Golf Glove,14.98999977,0
792,36,36,Golf Balls,Hirzl Men's Hybrid Golf Glove,14.98999977,0
786,35,35,Golf Gloves,TaylorMade 2014 Purelite Stand Bag,179.9900055,0
778,35,35,Golf Gloves,Bag Boy Beverage Holder,24.98999977,0
777,35,35,Golf Gloves,Bag Boy M330 Push Cart,79.98999786,0
775,35,35,Golf Gloves,Clicgear 8.0 Shoe Brush,9.989999771,0
773,35,35,Golf Gloves,Titleist Small Wheeled Travel Cover,249.9900055,0
771,35,35,Golf Gloves,Clicgear Rovic Cooler Bag,39.99000168,0
768,35,35,Golf Gloves,Titleist Club Glove Travel Cover,299.9899902,0
743,34,34,Golf Bags & Carts,Ogio Race Golf Shoes,169.9900055,0
730,33,33,Golf Shoes,LIJA Women's Argyle Golf Polo,80.0,0
728,33,33,Golf Shoes,LIJA Women's Eyelet Sleeveless Golf Polo,65.0,0
725,33,33,Golf Shoes,LIJA Women's Button Golf Dress,108.0,0
724,33,33,Golf Shoes,LIJA Women's Mid-Length Panel Golf Shorts,100.0,0
715,32,32,Golf Apparel,TaylorMade Women's RBZ SL Rescue,129.9900055,0
705,32,32,Golf Apparel,Cleveland Golf Women's 588 RTX CB Satin Chrom,119.9899979,0
703,32,32,Golf Apparel,Top Flite Women's 2014 XL Hybrid,19.98999977,0
691,31,31,Women's Golf Clubs,MDGolf Pittsburgh Penguins Putter,79.98999786,0
677,31,31,Women's Golf Clubs,TaylorMade White Smoke IN-12 Putter,99.98999786,0
671,31,31,Women's Golf Clubs,Cleveland Golf Collegiate My Custom Wedge 588,209.9900055,0
666,30,30,Men's Golf Clubs,Merrell Men's All Out Flash Trail Running Sho,109.9899979,0
652,30,30,Men's Golf Clubs,Merrell Women's Grassbow Sport Waterproof Hik,129.9900055,0
647,30,30,Men's Golf Clubs,Merrell Women's Siren Mid Waterproof Hiking B,134.9900055,0
646,30,30,Men's Golf Clubs,Merrell Women's Grassbow Sport Hiking Shoe,99.98999786,0
1361,74,74,Toys,Toys ,11.53999996,0
1073,48,48,Water Sports,Pelican Sunstream 100 Kayak,199.9900055,0
1059,48,48,Water Sports,Pelican Maverick 100X Kayak,349.9899902,0
1014,46,46,Indoor/Outdoor Games,O'Brien Men's Neoprene Life Vest,49.97999954,0
